{
    "baseline_mae": 0.0075938961508146266,
    "baseline_mse": 0.0001074616328331668,
    "ridge_mae": 0.007007894485610421,
    "ridge_mse": 9.862465877331843e-05,
    "rf_mae": 0.006858875238623588,
    "rf_mse": 9.761080200623094e-05
}