{
    "baseline": {
        "mae": 0.0075938961508146266,
        "mse": 0.0001074616328331668
    },
    "ridge": {
        "mae": 0.007557492588575826,
        "mse": 0.00011778525621219518
    },
    "rf": {
        "mae": 0.00686336974146493,
        "mse": 9.750894962369365e-05
    }
}