{
    "baseline": {
        "mae": 0.010258368462757171,
        "mse": 0.00048525199879519333
    },
    "ridge": {
        "mae": 0.009527148563803725,
        "mse": 0.00042861172015286314
    },
    "rf": {
        "mae": 0.009024131033485512,
        "mse": 0.0004138775323268025
    }
}